id,title,datetime,end_time,status,event_type,is_online,attendees_count,max_tickets,venue_name,venue_address,venue_city,venue_country,creator_name,event_url,featured_photo_url,created_time,rsvp_state
313693667,DSPT x Data Makers Fest - A Vibe Coding Party,2026-04-11T10:30:00+01:00,2026-04-11T18:00:00+01:00,PAST,PHYSICAL,False,35,0,DevScope,"Rua Passos Manuel, 223 - 4º Andar, 4000-385",Porto,pt,Inês Oliveira e Silva,https://www.meetup.com/datascienceportugal/events/313693667/,https://secure.meetupstatic.com/photos/event/1/e/a/2/highres_533347842.jpeg,2026-03-08T09:31:06-04:00,PAST
313385219,"Women in AI & Data - An ""Ask Me Anything""-style Roundtable on AI careers",2026-03-08T16:00:00Z,2026-03-08T18:00:00Z,PAST,PHYSICAL,False,39,0,Euronext Tech Center Porto,"R. de Aníbal Cunha 218, 4050-047 Porto",Porto,pt,Márcio Duarte,https://www.meetup.com/datascienceportugal/events/313385219/,https://secure.meetupstatic.com/photos/event/d/4/6/6/highres_532914374.jpeg,2026-02-16T11:54:17-05:00,PAST
313202670,"DSPT AI on Tap #4 @ Dois Corvos, Lisbon",2026-02-18T18:00:00Z,2026-02-18T20:00:00Z,PAST,PHYSICAL,False,33,0,Dois Corvos Marvila Taproom,R. Cap. Leitão 94,Lisboa,pt,Francisco Ribeiro e Silva,https://www.meetup.com/datascienceportugal/events/313202670/,https://secure.meetupstatic.com/photos/event/5/5/0/f/highres_532581775.jpeg,2026-02-04T06:34:52-05:00,PAST
312929787,DSPT AI on Tap #3 @ A Fábrica da Picaria,2026-01-28T18:00:00Z,2026-01-28T20:00:00Z,PAST,PHYSICAL,False,12,0,A Fábrica da Picaria,Rua da Picaria 72,Porto,pt,José Amorim,https://www.meetup.com/datascienceportugal/events/312929787/,https://secure.meetupstatic.com/photos/event/6/c/8/7/highres_532287783.jpeg,2026-01-17T11:07:30-05:00,PAST
311957135,DSPT x Devscope: All about AI Agents,2025-11-26T18:00:00Z,2025-11-26T20:00:00Z,PAST,PHYSICAL,False,59,0,DevScope,"Rua Passos Manuel, 223 - 4º Andar, 4000-385",Porto,pt,Inês Oliveira e Silva,https://www.meetup.com/datascienceportugal/events/311957135/,https://secure.meetupstatic.com/photos/event/e/5/5/4/highres_531298708.jpeg,2025-11-11T05:10:57-05:00,PAST
311640242,DSPT x INE: AI & Data in the Public Sector,2025-11-26T17:30:00Z,2025-11-26T20:00:00Z,PAST,PHYSICAL,False,63,0,Instituto Nacional de Estatística (INE),Av. António José de Almeida 1000-043,Lisboa,pt,Claudio Lemos,https://www.meetup.com/datascienceportugal/events/311640242/,https://secure.meetupstatic.com/photos/event/c/3/e/d/highres_531230157.jpeg,2025-10-22T06:18:53-04:00,PAST
311554099, DSPT x TUTAI: How GenAI and AI-driven architectures are reshaping cybersecurity,2025-11-04T18:00:00Z,2025-11-04T20:00:00Z,PAST,PHYSICAL,False,24,0,Porto Business School,Av. Fabril do Norte 425,Sra. da Hora,pt,Inês Oliveira e Silva,https://www.meetup.com/datascienceportugal/events/311554099/,https://secure.meetupstatic.com/photos/event/8/f/4/3/highres_530856675.jpeg,2025-10-15T14:32:31-04:00,PAST
311323173,DSPT x Quinto Andar: Beyond Relevance - Evaluating Search in the Era of LLMs,2025-10-22T17:30:00+01:00,2025-10-22T20:30:00+01:00,PAST,PHYSICAL,False,78,90,IDEA Spaces - Saldanha,Av. Defensores de Chaves 4,Lisboa,pt,Claudio Lemos,https://www.meetup.com/datascienceportugal/events/311323173/,https://secure.meetupstatic.com/photos/event/c/f/4/0/highres_530513056.jpeg,2025-10-01T10:35:39-04:00,PAST
310639361,DSPT x NOS: AI in Action - From Global Data to Local Impact,2025-10-01T17:00:00+01:00,2025-10-01T19:30:00+01:00,PAST,PHYSICAL,False,68,80,NOS Office (Sede),"Rua Actor António Silva, 9 Campo Grande, 1600-404 Lisboa",Lisbon,pt,DSPT,https://www.meetup.com/datascienceportugal/events/310639361/,https://secure.meetupstatic.com/photos/event/b/2/c/1/highres_529965761.jpeg,2025-08-21T19:37:09-04:00,PAST
311050912,DSPT Open Lab Days #4 – A Coworking Day @ NOS Lisboa,2025-10-01T13:00:00+01:00,2025-10-01T17:00:00+01:00,PAST,PHYSICAL,False,7,13,NOS Office (Sede),"Rua Actor António Silva, 9 Campo Grande, 1600-404 Lisboa",Lisbon,pt,Claudio Lemos,https://www.meetup.com/datascienceportugal/events/311050912/,https://secure.meetupstatic.com/photos/event/c/4/1/1/highres_530210193.jpeg,2025-09-15T07:52:36-04:00,PAST
310563411,DSPT AI on Tap #2 @ Catraio 🍻,2025-08-26T18:00:00+01:00,2025-08-26T20:00:00+01:00,PAST,PHYSICAL,False,35,0,Catraio - Craft Beer Shop,Rua de Cedofeita 256,Porto,pt,Márcio Duarte,https://www.meetup.com/datascienceportugal/events/310563411/,https://secure.meetupstatic.com/photos/event/e/a/5/6/highres_529679990.jpeg,2025-08-17T06:41:54-04:00,PAST
308758679,DSPT Book Club - Discover your next AI-inspired summer read! ,2025-07-21T18:00:00+01:00,2025-07-21T20:00:00+01:00,PAST,PHYSICAL,False,23,0,"Edifício Transparente - Auditório da Workin - VML Enterprise Solutions, Matosinhos, Ed.","Via do Castelo do Queijo 335 419, 4100-429 Porto",Porto,pt,Inês Oliveira e Silva,https://www.meetup.com/datascienceportugal/events/308758679/,https://secure.meetupstatic.com/photos/event/2/a/9/3/highres_528850899.jpeg,2025-06-30T13:16:23-04:00,PAST
308758907,DSPT Open Lab Days #3 – A Coworking Day @ Feedzai,2025-07-21T09:00:00+01:00,2025-07-21T18:00:00+01:00,PAST,PHYSICAL,False,19,20,Feedzai - Porto Office,"Via do Castelo do Queijo 395, 4100-429",Porto,pt,Inês Oliveira e Silva,https://www.meetup.com/datascienceportugal/events/308758907/,https://secure.meetupstatic.com/photos/event/4/c/e/9/highres_528859689.jpeg,2025-06-30T13:32:53-04:00,PAST
307735277,Meetup #120 - Leveraging Machine Learning for Industrial Process Digitalisation ,2025-05-29T18:30:00+01:00,2025-05-29T20:30:00+01:00,PAST,PHYSICAL,False,16,0,IT - Institute of Telecommunications of Aveiro,"IT - Instituto de Telecomunicações, Universidade de Aveiro, 3810-164 Aveiro",Aveiro,pt,Mafalda Rodrigues,https://www.meetup.com/datascienceportugal/events/307735277/,https://secure.meetupstatic.com/photos/event/6/5/c/2/highres_527846050.jpeg,2025-05-09T09:33:56-04:00,PAST
307736817,DSPT AI on Tap #1 @ Catraio 🍻,2025-05-21T18:00:00+01:00,2025-05-21T20:00:00+01:00,PAST,PHYSICAL,False,34,0,Catraio - Craft Beer Shop,Rua de Cedofeita 256,Porto,pt,Inês Oliveira e Silva,https://www.meetup.com/datascienceportugal/events/307736817/,https://secure.meetupstatic.com/photos/event/6/b/5/0/highres_527847472.jpeg,2025-05-09T11:37:07-04:00,PAST
307106929,From analytics to narratives. How Data Storytelling brings stories to life.,2025-04-16T18:00:00+01:00,2025-04-16T19:30:00+01:00,PAST,PHYSICAL,False,32,0,Pixelmatters,"Av. dos Aliados 168 4º Andar, 4000-065 Porto",Porto,pt,Inês Oliveira e Silva,https://www.meetup.com/datascienceportugal/events/307106929/,https://secure.meetupstatic.com/photos/event/e/9/4/d/highres_527159725.jpeg,2025-04-04T09:47:33-04:00,PAST
307071524,DSPT Open Lab Days #2 – A Coworking Day @ Pixelmatters,2025-04-16T09:00:00+01:00,2025-04-16T18:00:00+01:00,PAST,PHYSICAL,False,13,15,Pixelmatters,"Av. dos Aliados 168 4º Andar, 4000-065 Porto",Porto,pt,Inês Oliveira e Silva,https://www.meetup.com/datascienceportugal/events/307071524/,https://secure.meetupstatic.com/photos/event/7/f/0/f/highres_527132527.jpeg,2025-04-02T15:53:42-04:00,PAST
306608477,From PoCs to Production - Scaling LLMs with Quality,2025-03-19T12:45:00Z,2025-03-19T14:00:00Z,PAST,PHYSICAL,False,25,0,DevScope,"Rua Passos Manuel, 223 - 4º Andar, 4000-385",Porto,pt,Inês Oliveira e Silva,https://www.meetup.com/datascienceportugal/events/306608477/,https://secure.meetupstatic.com/photos/event/3/9/d/3/highres_526754803.jpeg,2025-03-08T09:11:42-05:00,PAST
306608191,DSPT Open Lab Days #1 – A Coworking Day @ Devscope,2025-03-19T09:00:00Z,2025-03-19T17:00:00Z,PAST,PHYSICAL,False,21,20,DevScope,"Rua Passos Manuel, 223 - 4º Andar, 4000-385",Porto,pt,Inês Oliveira e Silva,https://www.meetup.com/datascienceportugal/events/306608191/,https://secure.meetupstatic.com/photos/event/9/5/2/c/highres_526718188.jpeg,2025-03-08T08:49:30-05:00,PAST
306253746,The Road to AGI Roundtable,2025-03-05T18:00:00Z,2025-03-05T20:00:00Z,PAST,PHYSICAL,False,63,0,Outsite Mouco Cowork,"Rua de Frei Heitor Pinto, 65, 4300-252",Porto,PT,Claudio Lemos,https://www.meetup.com/datascienceportugal/events/306253746/,https://secure.meetupstatic.com/photos/event/2/d/8/a/highres_526571658.jpeg,2025-02-19T03:48:46-05:00,PAST
305613846,Data Science Pit Stop @ Braga,2025-02-03T18:30:00Z,2025-02-03T19:30:00Z,PAST,PHYSICAL,False,2,20,Café-Concerto RUM by Mavy,,Braga,pt,DSPT,https://www.meetup.com/datascienceportugal/events/305613846/,https://secure.meetupstatic.com/photos/event/1/5/9/b/highres_519305531.jpeg,2025-01-14T15:27:06-05:00,PAST
305121043,Complementary items recommendations using a RAG approach | DSPT & Porto Tech Hub,2025-01-29T18:30:00Z,2025-01-29T20:30:00Z,PAST,PHYSICAL,False,35,65,Porto Innovation Hub,Largo do Dr. Tito Fontes 15,Porto,pt,Pedro Araujo,https://www.meetup.com/datascienceportugal/events/305121043/,https://secure.meetupstatic.com/photos/event/d/6/8/a/highres_525714922.jpeg,2024-12-16T16:55:49-05:00,PAST
305134169,Data Science Pit Stop @ Braga,2025-01-06T18:30:00Z,2025-01-06T19:30:00Z,PAST,PHYSICAL,False,5,20,Café-Concerto RUM by Mavy,,Braga,pt,DSPT,https://www.meetup.com/datascienceportugal/events/305134169/,https://secure.meetupstatic.com/photos/event/1/5/9/b/highres_519305531.jpeg,2024-12-17T14:56:53-05:00,PAST
302865435,Data Science Pit Stop @ Braga,2024-12-02T18:30:00Z,2024-12-02T19:30:00Z,PAST,PHYSICAL,False,6,20,Café-Concerto RUM by Mavy,,Braga,pt,DSPT,https://www.meetup.com/datascienceportugal/events/302865435/,https://secure.meetupstatic.com/photos/event/1/5/9/b/highres_519305531.jpeg,2024-08-16T08:19:39-04:00,PAST
304433792, MLOps in practice: Hands-on | DSPT #118 @Aveiro,2024-11-28T18:30:00Z,2024-11-28T20:00:00Z,PAST,PHYSICAL,False,41,0,Altice Labs,Rua Engenheiro José Ferreira Pinto Basto,Aveiro,pt,Mafalda Rodrigues,https://www.meetup.com/datascienceportugal/events/304433792/,https://secure.meetupstatic.com/photos/event/b/5/9/d/highres_524566493.jpeg,2024-11-07T07:34:10-05:00,PAST
304267040,Product Management for AI and Data Products | DSPT #119 @ Porto,2024-11-20T18:45:00Z,2024-11-20T20:45:00Z,PAST,PHYSICAL,False,66,80,UPTEC,R. Alfredo Allen n.º 455,Porto,pt,Pedro Araujo,https://www.meetup.com/datascienceportugal/events/304267040/,https://secure.meetupstatic.com/photos/event/d/4/5/0/highres_524394352.jpeg,2024-10-29T09:18:38-04:00,PAST
304027687,Data Science Pit Stop @ Braga,2024-11-04T18:30:00Z,2024-11-04T19:30:00Z,PAST,PHYSICAL,False,4,20,Café-Concerto RUM by Mavy,,Braga,pt,DSPT,https://www.meetup.com/datascienceportugal/events/304027687/,https://secure.meetupstatic.com/photos/event/1/5/9/b/highres_519305531.jpeg,2024-10-15T14:51:11-04:00,PAST
303059555,Advancing Healthcare with Data Science | DSPT #117 @ Porto,2024-10-02T18:30:00+01:00,2024-10-02T20:30:00+01:00,PAST,PHYSICAL,False,50,70,UPTEC,R. Alfredo Allen n.º 455,Porto,pt,Daniel Prista,https://www.meetup.com/datascienceportugal/events/303059555/,https://secure.meetupstatic.com/photos/event/5/a/e/4/highres_523283268.jpeg,2024-08-26T14:49:58-04:00,PAST
302811285,Data Science Pit Stop @ Braga,2024-09-02T18:30:00+01:00,2024-09-02T19:30:00+01:00,PAST,PHYSICAL,False,5,20,Café-Concerto RUM by Mavy,,Braga,pt,DSPT,https://www.meetup.com/datascienceportugal/events/302811285/,https://secure.meetupstatic.com/photos/event/1/5/9/b/highres_519305531.jpeg,2024-08-13T15:15:24-04:00,PAST
301672440,Exploring cutting-edge LLMs: theory and practice | DSPT #116 @ Porto,2024-07-11T18:30:00+01:00,2024-07-11T20:30:00+01:00,PAST,PHYSICAL,False,60,60,DevScope,R. de Passos Manuel 223,Porto,pt,Pedro Araujo,https://www.meetup.com/datascienceportugal/events/301672440/,https://secure.meetupstatic.com/photos/event/c/e/3/b/highres_521812795.jpeg,2024-06-16T05:40:21-04:00,PAST
301582865,Data Science Pit Stop @ Braga,2024-07-01T18:30:00+01:00,2024-07-01T19:30:00+01:00,PAST,PHYSICAL,False,4,20,Mesa na Praça - Mercado Municipal de Braga,Praça do Comércio,Braga,pt,DSPT,https://www.meetup.com/datascienceportugal/events/301582865/,https://secure.meetupstatic.com/photos/event/1/5/9/b/highres_519305531.jpeg,2024-06-11T15:15:01-04:00,PAST
300075986,Unleashing Open-Source Potential: LLMs and Real-Time Data Analytics @ Porto,2024-06-17T18:30:00+01:00,2024-06-17T20:30:00+01:00,PAST,PHYSICAL,False,69,80,Critical TechWorks,R. Dr. António Luís Gomes 10,Porto,pt,Pedro Araujo,https://www.meetup.com/datascienceportugal/events/300075986/,https://secure.meetupstatic.com/photos/event/e/0/b/6/highres_521217526.jpeg,2024-03-28T14:42:58-04:00,PAST
301021646,Data Science Pit Stop @ Braga,2024-06-03T18:30:00+01:00,2024-06-03T19:30:00+01:00,PAST,PHYSICAL,False,6,20,Café-Concerto RUM by Mavy,,Braga,pt,DSPT,https://www.meetup.com/datascienceportugal/events/301021646/,https://secure.meetupstatic.com/photos/event/1/5/9/b/highres_519305531.jpeg,2024-05-14T15:24:09-04:00,PAST
300714144,Hands-on with LlamaIndex: First Steps for Retrieval-Augmented Generation (RAG),2024-05-29T18:30:00+01:00,2024-05-29T20:30:00+01:00,PAST,PHYSICAL,False,25,0,University of Aveiro,Universidade de Aveiro,Aveiro,pt,Mafalda Rodrigues,https://www.meetup.com/datascienceportugal/events/300714144/,https://secure.meetupstatic.com/photos/event/2/0/b/4/highres_520748372.jpeg,2024-04-29T08:03:06-04:00,PAST
300435680,Open data Initiatives. DSPT & DSSG Portugal @ Porto,2024-05-28T18:30:00+01:00,2024-05-28T20:30:00+01:00,PAST,PHYSICAL,False,47,60,UPTEC,R. Alfredo Allen n.º 455,Porto,pt,Pedro Araujo,https://www.meetup.com/datascienceportugal/events/300435680/,https://secure.meetupstatic.com/photos/event/3/e/3/a/highres_521235930.jpeg,2024-04-15T14:48:43-04:00,PAST
300075966,DSPT#113: AI-Driven Approaches in the Energy Sector @ Porto,2024-05-08T18:15:00+01:00,2024-05-08T21:00:00+01:00,PAST,PHYSICAL,False,52,65,UPTEC,R. Alfredo Allen n.º 455,Porto,pt,Pedro Araujo,https://www.meetup.com/datascienceportugal/events/300075966/,https://secure.meetupstatic.com/photos/event/3/2/5/8/highres_520272888.jpeg,2024-03-28T14:41:26-04:00,PAST
299291353,Data Science Pit Stop @ Braga,2024-05-06T18:30:00+01:00,2024-05-06T19:30:00+01:00,PAST,PHYSICAL,False,3,20,Café-Concerto RUM by Mavy,,Braga,pt,João Pereira,https://www.meetup.com/datascienceportugal/events/299291353/,https://secure.meetupstatic.com/photos/event/1/5/9/b/highres_519305531.jpeg,2024-02-19T08:12:11-05:00,PAST
298087181,Data Science Pit Stop @ Braga,2024-04-01T18:30:00+01:00,2024-04-01T19:30:00+01:00,PAST,PHYSICAL,False,9,20,Café-Concerto RUM by Mavy,,Braga,pt,João Pereira,https://www.meetup.com/datascienceportugal/events/298087181/,https://secure.meetupstatic.com/photos/event/1/5/9/b/highres_519305531.jpeg,2023-12-22T08:25:51-05:00,PAST
299589791,DSPT#112: Consistency and Cost within XAI,2024-03-13T18:30:00Z,2024-03-13T20:30:00Z,PAST,PHYSICAL,False,23,0,"DETI - Departamento de Electrónica, Telecomunicações e Informática",,Aveiro,pt,Mafalda Rodrigues,https://www.meetup.com/datascienceportugal/events/299589791/,https://secure.meetupstatic.com/photos/event/e/3/a/5/highres_519538277.jpeg,2024-03-04T09:31:16-05:00,PAST
299332168,DSPT#111: Causal Discovery and Deep Learning (Braga),2024-03-05T18:15:00Z,2024-03-05T20:15:00Z,PAST,PHYSICAL,False,14,20,F3M Information Systems S.A.,R. de Linhares,Braga,pt,DSPT,https://www.meetup.com/datascienceportugal/events/299332168/,https://secure.meetupstatic.com/photos/event/2/3/5/1/highres_519309041.jpeg,2024-02-21T07:49:36-05:00,PAST
299124082,Data Science Pit Stop @ Braga,2024-03-04T18:30:00Z,2024-03-04T19:30:00Z,PAST,PHYSICAL,False,5,20,Café-Concerto RUM by Mavy,,Braga,pt,João Pereira,https://www.meetup.com/datascienceportugal/events/299124082/,https://secure.meetupstatic.com/photos/event/1/5/9/b/highres_519305531.jpeg,2024-02-10T16:55:28-05:00,PAST
298435569,Data Science Pit Stop @ Braga,2024-02-05T18:30:00Z,2024-02-05T19:30:00Z,PAST,PHYSICAL,False,7,20,Café-Concerto RUM by Mavy,,Braga,pt,João Pereira,https://www.meetup.com/datascienceportugal/events/298435569/,https://secure.meetupstatic.com/photos/event/b/d/d/6/highres_516348598.jpeg,2024-01-09T06:03:09-05:00,PAST
297810265,Data Science Pit Stop @ Braga,2024-01-08T18:30:00Z,2024-01-08T19:30:00Z,PAST,PHYSICAL,False,17,20,Café-Concerto RUM by Mavy,,Braga,pt,João Pereira,https://www.meetup.com/datascienceportugal/events/297810265/,https://secure.meetupstatic.com/photos/event/b/d/d/6/highres_516348598.jpeg,2023-12-07T05:52:30-05:00,PAST
297611267,Data Science Portugal - Porto Holiday Season Dinner,2023-12-19T19:30:00Z,2023-12-19T22:30:00Z,PAST,PHYSICAL,False,7,40,Espiga - Galeria De Arte e Bar,R. de Clemente Meneres 65A,Porto,pt,Núria Amorim Duarte,https://www.meetup.com/datascienceportugal/events/297611267/,https://secure.meetupstatic.com/photos/event/c/c/c/8/highres_517552424.jpeg,2023-11-27T04:29:57-05:00,PAST
297789108,DSPT#110: Unveiling Network Threats: Anomaly Detection in IDS - Workshop,2023-12-13T18:30:00Z,2023-12-13T20:30:00Z,PAST,PHYSICAL,False,21,0,"DETI - Departamento de Electrónica, Telecomunicações e Informática",,Aveiro,pt,Mafalda Rodrigues,https://www.meetup.com/datascienceportugal/events/297789108/,https://secure.meetupstatic.com/photos/event/d/3/6/5/highres_517734117.jpeg,2023-12-06T05:09:59-05:00,PAST
297543851,DSPT#109 | Pushing the Limits: From Kaggle and Experimentation to Production,2023-12-06T18:00:00Z,2023-12-06T20:00:00Z,PAST,PHYSICAL,False,38,50,Le Wagon Lisboa - Escola de Programação,Rua do Conde de Redondo 91B,Lisboa,pt,Miguel Vera-Bernal,https://www.meetup.com/datascienceportugal/events/297543851/,https://secure.meetupstatic.com/photos/event/a/8/b/4/highres_517483188.jpeg,2023-11-23T13:39:41-05:00,PAST
297361612,Data Science Pit Stop @ Braga,2023-12-04T18:30:00Z,2023-12-04T19:30:00Z,PAST,PHYSICAL,False,6,20,Café-Concerto RUM by Mavy,,Braga,pt,João Pereira,https://www.meetup.com/datascienceportugal/events/297361612/,https://secure.meetupstatic.com/photos/event/b/d/d/6/highres_516348598.jpeg,2023-11-14T15:16:13-05:00,PAST
297232475,"DSPT#108 LLMs Unfolded: APIs, Semantic Search, Agents and Advanced Fine-Tuning",2023-11-22T18:30:00Z,2023-11-22T20:30:00Z,PAST,PHYSICAL,False,41,50,Jumia Porto Tech Center,R. de Ricardo Severo 3,Porto,pt,Daniel Prista,https://www.meetup.com/datascienceportugal/events/297232475/,https://secure.meetupstatic.com/photos/event/2/5/d/c/highres_517269692.jpeg,2023-11-08T06:24:27-05:00,PAST
296553233,Data Science Pit Stop @ Braga,2023-11-06T18:30:00Z,2023-11-06T19:30:00Z,PAST,PHYSICAL,False,16,20,Café-Concerto RUM by Mavy,,Braga,pt,DSPT,https://www.meetup.com/datascienceportugal/events/296553233/,https://secure.meetupstatic.com/photos/event/b/d/d/6/highres_516348598.jpeg,2023-10-05T05:14:36-04:00,PAST
296659544,"DSPT#107: AIOps, MLOps, DataOps: Making sense of it all",2023-10-18T18:30:00+01:00,2023-10-18T20:30:00+01:00,PAST,PHYSICAL,False,33,0,PCI · Creative Science Park – Aveiro Region,Via do Conhecimento,Ílhavo,pt,Mafalda Rodrigues,https://www.meetup.com/datascienceportugal/events/296659544/,https://secure.meetupstatic.com/photos/event/d/f/0/b/highres_516477099.jpeg,2023-10-10T12:44:50-04:00,PAST
296408588,DSPT#106: From Code to Conversation: Exploring AI in Software Dev & Podcasts,2023-10-18T18:00:00+01:00,2023-10-18T20:00:00+01:00,PAST,PHYSICAL,False,44,50,Le Wagon Lisboa - Escola de Programação,Rua do Conde de Redondo 91B,Lisboa,pt,Miguel Vera-Bernal,https://www.meetup.com/datascienceportugal/events/296408588/,https://secure.meetupstatic.com/photos/event/d/f/d/e/highres_516357310.jpeg,2023-09-28T14:35:53-04:00,PAST
296514399,DSPT#105 Is this shirt a good fit? Drive AI into FIT fashion,2023-10-17T18:30:00+01:00,2023-10-17T20:30:00+01:00,PAST,PHYSICAL,False,20,50,FCUP Department of Computer Sciences,Rua do Campo Alegre,Porto,pt,Pedro Araujo,https://www.meetup.com/datascienceportugal/events/296514399/,https://secure.meetupstatic.com/photos/event/2/e/d/b/highres_516371995.jpeg,2023-10-03T13:21:29-04:00,PAST
295742659,DSPT#104 How to start a career in Data Science and AI in 2023,2023-09-13T18:30:00+01:00,2023-09-13T20:30:00+01:00,PAST,PHYSICAL,False,58,70,Founders Founders,R. de Godim 389,Porto,pt,Pedro Araujo,https://www.meetup.com/datascienceportugal/events/295742659/,https://secure.meetupstatic.com/photos/event/3/9/4/2/highres_515534658.jpeg,2023-08-28T15:05:33-04:00,PAST
294766354,Sustainable AI: AI Environmental Impact & Scalability,2023-07-25T18:30:00+01:00,2023-07-25T20:30:00+01:00,PAST,PHYSICAL,False,59,80,UPTEC,R. Alfredo Allen n.º 455,Porto,pt,David Silva,https://www.meetup.com/datascienceportugal/events/294766354/,https://secure.meetupstatic.com/photos/event/3/c/b/6/highres_514515542.jpeg,2023-07-12T14:45:32-04:00,PAST
292107472,"DSPT#103: ""Machine Learning Platform thinking"" with DevOps Aveiro",2023-03-23T18:30:00Z,2023-03-23T20:30:00Z,PAST,PHYSICAL,False,33,0,"Vulcano - Bosch Thermotechnology, S.A.",R. Vale Caseiro 149,Cacia,pt,Mafalda Rodrigues,https://www.meetup.com/datascienceportugal/events/292107472/,https://secure.meetupstatic.com/photos/event/5/5/d/2/highres_511161970.jpeg,2023-03-08T07:50:45-05:00,PAST
292074725,DSPT#102 Visual Similarity with Deep Triplet Quantization Application to Fashion,2023-03-16T18:30:00Z,2023-03-16T20:30:00Z,PAST,PHYSICAL,False,51,80,adidas Porto,R. do Castanhal,Moreira,pt,David Silva,https://www.meetup.com/datascienceportugal/events/292074725/,https://secure.meetupstatic.com/photos/event/c/4/8/a/highres_511130314.jpeg,2023-03-06T14:33:25-05:00,PAST
291453823,DSPT#101:AI in Medical Imaging-how to make models more robust and generalizable?,2023-02-23T18:00:00Z,2023-02-23T20:00:00Z,PAST,PHYSICAL,False,25,70,Av. 24 de Julho 68,Av. 24 de Julho 68,Lisboa,pt,Miguel Vera-Bernal,https://www.meetup.com/datascienceportugal/events/291453823/,https://secure.meetupstatic.com/photos/event/8/5/4/c/highres_510454124.jpeg,2023-02-06T16:31:15-05:00,PAST
289776292,DSPT#100 Where did I put my keys? or an overview on Multiple Instance Learning,2022-11-23T18:30:00Z,2022-11-23T20:30:00Z,PAST,PHYSICAL,False,27,65,Porto Innovation Hub,Largo do Dr. Tito Fontes 15,Porto,pt,Mafalda Rodrigues,https://www.meetup.com/datascienceportugal/events/289776292/,https://secure.meetupstatic.com/photos/event/3/c/5/b/highres_508635451.jpeg,2022-11-15T17:27:27-05:00,PAST
289163882,DSPT#99 Learning from physiological signals,2022-10-25T18:30:00+01:00,2022-10-25T20:30:00+01:00,PAST,PHYSICAL,False,37,0,Altice Labs,Rua Engenheiro José Ferreira Pinto Basto,Aveiro,pt,Mafalda Rodrigues,https://www.meetup.com/datascienceportugal/events/289163882/,https://secure.meetupstatic.com/photos/event/8/b/3/4/highres_507875636.jpeg,2022-10-17T06:47:35-04:00,PAST
288495999,DSPT#98: Effective Mobile Ads with AI,2022-09-29T18:30:00+01:00,2022-09-29T20:30:00+01:00,PAST,PHYSICAL,False,29,70,Le Wagon Lisboa - Escola de Programação,Rua do Conde de Redondo 91B,Lisboa,pt,Ana Guedes,https://www.meetup.com/datascienceportugal/events/288495999/,https://secure.meetupstatic.com/photos/event/e/3/7/1/highres_507058225.jpeg,2022-09-15T04:33:23-04:00,PAST
287207573,DSPT#97: Hack the newsroom: How data-driven journalism is changing the news,2022-07-28T18:30:00+01:00,2022-07-28T20:30:00+01:00,PAST,PHYSICAL,False,63,66,Critical TechWorks,R. Dr. António Luís Gomes 10,Porto,pt,Mafalda Rodrigues,https://www.meetup.com/datascienceportugal/events/287207573/,https://secure.meetupstatic.com/photos/event/e/0/7/9/highres_505557465.jpeg,2022-07-15T10:49:41-04:00,PAST
286417249,DSPT#96: From the Ground Up: Building a Data Science Team,2022-06-14T18:30:00+01:00,2022-06-14T20:30:00+01:00,PAST,PHYSICAL,False,34,70,"Vulcano - Bosch Thermotechnology, S.A.",R. Vale Caseiro 149,Cacia,pt,Mafalda Rodrigues,https://www.meetup.com/datascienceportugal/events/286417249/,https://secure.meetupstatic.com/photos/event/2/e/1/9/highres_504671801.jpeg,2022-06-07T09:36:50-04:00,PAST
286131924,DSPT#95: How to tackle Interconnect Bypass Fraud ,2022-05-31T18:30:00+01:00,2022-05-31T20:00:00+01:00,PAST,ONLINE,True,21,0,Online event,,,,Mafalda Rodrigues,https://www.meetup.com/datascienceportugal/events/286131924/,https://secure.meetupstatic.com/photos/event/a/9/d/0/highres_504343472.jpeg,2022-05-25T05:13:55-04:00,PAST
285235902,"DSPT#94: Data Lakehouse for Simpler, Faster and More Integrated Data Science",2022-04-27T18:30:00+01:00,2022-04-27T20:30:00+01:00,PAST,ONLINE,True,99,0,Online event,,,,Diogo Ferreira,https://www.meetup.com/datascienceportugal/events/285235902/,https://secure.meetupstatic.com/photos/event/b/d/highres_503520189.jpeg,2022-04-12T17:00:29-04:00,PAST
285145129,"DSPT#93:A Multi-Cloud Infrastructure with Kubernetes,Prometheus and CNCF Project",2022-04-13T18:30:00+01:00,2022-04-13T20:30:00+01:00,PAST,ONLINE,True,37,0,Online event,,,,Mafalda Rodrigues,https://www.meetup.com/datascienceportugal/events/285145129/,https://secure.meetupstatic.com/photos/event/4/b/2/9/highres_503239241.jpeg,2022-04-08T04:52:39-04:00,PAST
283487995,"DSPT#92 - COVID-19 pandemic in the age of data science, what have we learned?",2022-02-02T18:30:00Z,2022-02-02T20:30:00Z,PAST,ONLINE,True,46,0,Online event,,,,Isabel Chaves,https://www.meetup.com/datascienceportugal/events/283487995/,https://secure.meetupstatic.com/photos/event/8/5/9/f/highres_501634207.jpeg,2022-01-25T15:20:05-05:00,PAST
283221311,DSPT#91 Webinar- Convince your boss to invest in MLOps,2022-01-19T18:00:00Z,2022-01-19T20:00:00Z,PAST,ONLINE,True,89,0,Online event,,,,Isabel Chaves,https://www.meetup.com/datascienceportugal/events/283221311/,https://secure.meetupstatic.com/photos/event/d/5/8/7/highres_501354663.jpeg,2022-01-12T12:24:34-05:00,PAST
282131292,Tutorial #2 - Managing the ML lifecycle with Mlflow,2021-12-09T18:30:00Z,2021-12-09T20:00:00Z,PAST,ONLINE,True,62,0,Online event,,,,Diogo Ferreira,https://www.meetup.com/datascienceportugal/events/282131292/,https://secure.meetupstatic.com/photos/event/9/7/9/8/highres_500558808.jpeg,2021-11-16T19:53:46-05:00,PAST
282139721,DSPT#90 Webinar- My Computer Vision Journey (so far),2021-11-24T18:30:00Z,2021-11-24T20:00:00Z,PAST,ONLINE,True,62,0,Online event,,,,Mafalda Rodrigues,https://www.meetup.com/datascienceportugal/events/282139721/,https://secure.meetupstatic.com/photos/event/e/8/a/c/highres_500279564.jpeg,2021-11-17T07:15:36-05:00,PAST
281050745,DSPT#89 Webinar- Learning to see in 3D,2021-10-06T18:30:00+01:00,2021-10-06T20:30:00+01:00,PAST,ONLINE,True,49,0,Online event,,,,Isabel Chaves,https://www.meetup.com/datascienceportugal/events/281050745/,https://secure.meetupstatic.com/photos/event/8/9/0/e/highres_499115086.jpeg,2021-09-27T13:24:04-04:00,PAST
279565892,DSPT#88Webinar- Applied Artificial Intelligence: PAMWater's Case Study,2021-07-27T18:30:00+01:00,2021-07-27T20:00:00+01:00,PAST,ONLINE,True,58,0,Online event,,,,Mafalda Rodrigues,https://www.meetup.com/datascienceportugal/events/279565892/,https://secure.meetupstatic.com/photos/event/c/a/f/0/highres_497631952.jpeg,2021-07-19T08:27:40-04:00,PAST
279292774,AMA #2 - Managing data science teams during the pandemic,2021-07-13T18:30:00+01:00,2021-07-13T20:00:00+01:00,PAST,ONLINE,True,82,0,Online event,,,,Mafalda Rodrigues,https://www.meetup.com/datascienceportugal/events/279292774/,https://secure.meetupstatic.com/photos/event/3/4/1/3/highres_497353331.jpeg,2021-07-06T08:11:12-04:00,PAST
278874781,Tutorial #1 - Primer on Probabilistic Deep Learning,2021-06-24T18:30:00+01:00,2021-06-24T20:00:00+01:00,PAST,ONLINE,True,124,0,Online event,,,,Mafalda Rodrigues,https://www.meetup.com/datascienceportugal/events/278874781/,https://secure.meetupstatic.com/photos/event/8/2/d/b/highres_496953499.jpeg,2021-06-16T10:38:19-04:00,PAST
278594716,DSPT#87Webinar- Non-Intrusive Load Monitoring-A way to reduce energy consumption,2021-06-09T18:30:00+01:00,2021-06-09T20:30:00+01:00,PAST,ONLINE,True,23,0,Online event,,,,Mafalda Rodrigues,https://www.meetup.com/datascienceportugal/events/278594716/,https://secure.meetupstatic.com/photos/event/3/c/3/3/highres_496695411.jpeg,2021-06-03T08:59:06-04:00,PAST
277988073,AMA#1 - Building a Community from the ground up,2021-05-12T18:30:00+01:00,2021-05-12T19:30:00+01:00,PAST,ONLINE,True,58,0,Online event,,,,Diogo Ferreira,https://www.meetup.com/datascienceportugal/events/277988073/,https://secure.meetupstatic.com/photos/event/e/8/1/e/highres_496139422.jpeg,2021-05-04T19:00:49-04:00,PAST
276972360,DSPT#86 Webinar - Finding the imaginary winner of the Euroleague 2019/20,2021-03-31T18:30:00+01:00,2021-03-31T20:30:00+01:00,PAST,ONLINE,True,90,0,Online event,,,,Diogo Ferreira,https://www.meetup.com/datascienceportugal/events/276972360/,https://secure.meetupstatic.com/photos/event/2/4/8/8/highres_495309352.jpeg,2021-03-16T14:45:50-04:00,PAST
276677275,DSPT#85 Webinar: Model interpretability in healthcare,2021-03-10T18:30:00Z,2021-03-10T20:30:00Z,PAST,ONLINE,True,181,0,Online event,,,,Mafalda Rodrigues,https://www.meetup.com/datascienceportugal/events/276677275/,https://secure.meetupstatic.com/photos/event/c/6/a/c/highres_494990860.jpeg,2021-03-01T16:26:13-05:00,PAST
275968710,DSPT#84 Webinar- The rise of MLOps,2021-02-03T18:30:00Z,2021-02-03T20:00:00Z,PAST,ONLINE,True,233,0,Online event,,,,Hugo Silveiro,https://www.meetup.com/datascienceportugal/events/275968710/,https://secure.meetupstatic.com/photos/event/b/2/c/b/highres_494505771.jpeg,2021-01-25T13:55:56-05:00,PAST
275548767,DSPT#83 Webinar- Fairness-Aware Hyperparameter Optimization,2021-01-13T18:30:00Z,2021-01-13T20:30:00Z,PAST,ONLINE,True,117,0,Online event,,,,Mafalda Rodrigues,https://www.meetup.com/datascienceportugal/events/275548767/,https://secure.meetupstatic.com/photos/event/b/6/3/f/highres_494206655.jpeg,2021-01-04T16:57:45-05:00,PAST
274929534,DSPT#82 Webinar - Power BI for Data Science & Machine Learning,2020-12-16T18:30:00Z,2020-12-16T20:00:00Z,PAST,ONLINE,True,236,0,Online event,,,,Joana Raquel Silva,https://www.meetup.com/datascienceportugal/events/274929534/,https://secure.meetupstatic.com/photos/event/9/6/4/9/highres_493778473.jpeg,2020-12-01T16:49:30-05:00,PAST
272184574,DSPT#81 Webinar - DataOps,2020-08-06T18:30:00+01:00,2020-08-06T20:30:00+01:00,PAST,ONLINE,True,122,0,Online event,,,,Joana Raquel Silva,https://www.meetup.com/datascienceportugal/events/272184574/,https://secure.meetupstatic.com/photos/event/3/5/c/d/highres_491533773.jpeg,2020-07-27T10:56:36-04:00,PAST
271845816,DSPT#80 Webinar - Deep Multimodal and Cross-modal Embeddings,2020-07-29T18:30:00+01:00,2020-07-29T20:00:00+01:00,PAST,ONLINE,True,87,0,Online event,,,,Lucas Fischer,https://www.meetup.com/datascienceportugal/events/271845816/,https://secure.meetupstatic.com/photos/event/9/7/3/9/highres_491438713.jpeg,2020-07-10T15:26:49-04:00,PAST
271507007,DSPT#79 Webinar - Making Learning-based Visual Representations more Intelligible,2020-07-09T18:30:00+01:00,2020-07-09T20:30:00+01:00,PAST,ONLINE,True,89,0,Online event,,,,Mafalda Rodrigues,https://www.meetup.com/datascienceportugal/events/271507007/,https://secure.meetupstatic.com/photos/event/2/e/a/9/highres_491111945.jpeg,2020-06-24T20:06:04-04:00,PAST
271161337,DSPT#78 Webinar tutorial: Turn your Jupyter notebooks into pretty web demos,2020-06-18T18:30:00+01:00,2020-06-18T20:00:00+01:00,PAST,ONLINE,True,140,0,Online event,,,,Arian Rodrigo Pasquali,https://www.meetup.com/datascienceportugal/events/271161337/,,2020-06-08T08:55:01-04:00,PAST
270289477,DSPT#77 Webinar - Curating a COVID-19 data repository: tales and technicalities,2020-05-07T18:30:00+01:00,2020-05-07T20:00:00+01:00,PAST,ONLINE,True,131,0,Online event,,,,Joana Raquel Silva,https://www.meetup.com/datascienceportugal/events/270289477/,https://secure.meetupstatic.com/photos/event/5/1/3/d/highres_490280797.jpeg,2020-04-27T05:37:57-04:00,PAST
270203611,DSPT#76 Webinar - Synthetic tabular data generation,2020-04-29T18:30:00+01:00,2020-04-29T19:30:00+01:00,PAST,ONLINE,True,151,0,Online event,,,,Diogo Ferreira,https://www.meetup.com/datascienceportugal/events/270203611/,https://secure.meetupstatic.com/photos/event/2/d/0/4/highres_490211524.jpeg,2020-04-22T16:38:19-04:00,PAST
268756834,DSPT#75 - POSTPONED - Lisbon’s DS Companies - A World full of Data (Lisboa),2020-03-18T19:00:00Z,2020-03-18T21:00:00Z,PAST,PHYSICAL,False,92,100,NOVA IMS Information Management School,,Lisboa,pt,Ana Guedes,https://www.meetup.com/datascienceportugal/events/268756834/,https://secure.meetupstatic.com/photos/event/7/4/8/highres_489061864.jpeg,2020-02-16T13:50:24-05:00,PAST
268811277,DSPT#74 - POSTPONED: Discover latent relations from Smart Cities to Chemicals,2020-03-11T18:30:00Z,2020-03-11T21:00:00Z,PAST,PHYSICAL,False,25,27,PCI · Creative Science Park,Via do Conhecimento,Ílhavo,pt,Mafalda Rodrigues,https://www.meetup.com/datascienceportugal/events/268811277/,https://secure.meetupstatic.com/photos/event/4/5/4/b/highres_489377739.jpeg,2020-02-18T18:10:19-05:00,PAST
268664763,DSPT#73: Let’s talk about the environment and network science (Porto),2020-03-04T19:00:00Z,2020-03-04T21:00:00Z,PAST,PHYSICAL,False,36,70,Porto Innovation Hub,Largo do Dr. Tito Fontes 15,Porto,pt,Isabel Chaves,https://www.meetup.com/datascienceportugal/events/268664763/,,2020-02-12T16:34:58-05:00,PAST
268631190,DSPT#72 - Neural Networks & Evolutionary Algorithms (Leiria),2020-02-26T18:30:00Z,2020-02-26T20:45:00Z,PAST,PHYSICAL,False,12,30,Startup Leiria - Parceiros,R. da Carvalha 570,Leiria,pt,Hugo Silveiro,https://www.meetup.com/datascienceportugal/events/268631190/,https://secure.meetupstatic.com/photos/event/5/7/7/7/highres_488962391.jpeg,2020-02-11T11:21:28-05:00,PAST
266203426,DSPT#71 - Memes to Genes: Cracking the Human Code ,2020-01-16T18:30:00Z,2020-01-16T20:30:00Z,PAST,PHYSICAL,False,124,0,Talkdesk - Portugal,R. Amélia Rey Colaço Nº40,Carnaxide,pt,Adriana Costa,https://www.meetup.com/datascienceportugal/events/266203426/,https://secure.meetupstatic.com/photos/event/d/6/b/6/highres_487134966.jpeg,2019-11-04T08:49:03-05:00,PAST
266902751,"DSPT#70 - Let’s Talk ‘BIG’, Ask and Learn (Braga)",2019-12-17T18:45:00Z,2019-12-17T20:45:00Z,PAST,PHYSICAL,False,33,50,Checkmarx Portugal,Avenida do Sol nº18 1º,Braga,pt,João Pedro Brandão,https://www.meetup.com/datascienceportugal/events/266902751/,https://secure.meetupstatic.com/photos/event/4/8/f/8/highres_487458680.jpeg,2019-12-02T16:19:19-05:00,PAST
266896813,DSPT#69 - Can Somebody make sense of this Noisy Text? (Porto),2019-12-12T19:00:00Z,2019-12-12T21:00:00Z,PAST,PHYSICAL,False,40,80,Talkdesk,R. de Anselmo Braancamp 119,Porto,pt,Pedro Araujo,https://www.meetup.com/datascienceportugal/events/266896813/,https://secure.meetupstatic.com/photos/event/d/1/a/a/highres_486413674.jpeg,2019-12-02T12:43:07-05:00,PAST
266927127,DSPT #68 Data science in Health: tackling drug and epilepsy advances (Coimbra),2019-12-10T18:30:00Z,2019-12-10T21:00:00Z,PAST,PHYSICAL,False,36,0,DEI - Department of Informatics Engineering - FCTUC,R. Silvio Lima,Coimbra,pt,Hugo Silveiro,https://www.meetup.com/datascienceportugal/events/266927127/,https://secure.meetupstatic.com/photos/event/a/f/8/f/highres_487124943.jpeg,2019-12-03T16:10:25-05:00,PAST
266386342,DSPT#67 - Recommended By Data Scientists: Come Check it Out! (Lisboa),2019-12-03T18:30:00Z,2019-12-03T20:30:00Z,PAST,PHYSICAL,False,57,100,R. Actor António Silva 9,R. Actor António Silva 9,Lisboa,pt,Adriana Costa,https://www.meetup.com/datascienceportugal/events/266386342/,https://secure.meetupstatic.com/photos/event/d/e/f/b/highres_481377083.jpeg,2019-11-11T12:11:21-05:00,PAST
266487935,DSPT#66 - Going from Bio stats to sentences classification. (Aveiro),2019-11-28T18:30:00Z,2019-11-28T21:00:00Z,PAST,PHYSICAL,False,37,0,"Vulcano - Bosch Thermotechnology, S.A.",R. Vale Caseiro 149,Cacia,pt,Ricardo Marques,https://www.meetup.com/datascienceportugal/events/266487935/,https://secure.meetupstatic.com/photos/event/5/8/0/8/highres_486622536.jpeg,2019-11-15T06:06:18-05:00,PAST
266240516,DSPT#65 - The Journal Club: Automatic Model Monitoring for Data Streams (Porto),2019-11-26T18:30:00Z,2019-11-26T21:30:00Z,PAST,PHYSICAL,False,38,70,UPT - Universidade Portucalense,R. Dr. António Bernardino de Almeida 541,Porto,pt,Joana Raquel Silva,https://www.meetup.com/datascienceportugal/events/266240516/,https://secure.meetupstatic.com/photos/event/d/1/a/a/highres_486413674.jpeg,2019-11-05T16:25:12-05:00,PAST
266212542,"DSPT#64 - Data in our genes, genes in our data (Braga)",2019-11-21T18:30:00Z,2019-11-21T20:30:00Z,PAST,PHYSICAL,False,27,55,Departamento de Informática - Universidade do Minho,R. da Universidade,Braga,pt,João Pedro Brandão,https://www.meetup.com/datascienceportugal/events/266212542/,https://secure.meetupstatic.com/photos/event/7/a/f/f/highres_486631487.jpeg,2019-11-04T14:55:13-05:00,PAST
265105478,"DSPT#63-The time has come: LSTM pitfalls, will you be the outlier? (Braga)",2019-10-15T18:30:00+01:00,2019-10-15T20:30:00+01:00,PAST,PHYSICAL,False,34,60,Mobileum (Formerly WeDo Technologies) Braga,"Centro Empresarial de Braga, Pavilhão C4, Ferreiros",Braga,pt,Joao Gamboias,https://www.meetup.com/datascienceportugal/events/265105478/,https://secure.meetupstatic.com/photos/event/1/5/f/2/highres_485585618.jpeg,2019-09-23T18:35:38-04:00,PAST
265283610,DSPT#62 - Human Action Recognition and  Adversarial Learning (Coimbra),2019-10-08T18:30:00+01:00,2019-10-08T21:00:00+01:00,PAST,PHYSICAL,False,28,0,INSTITUTE PEDRO NUNES,R. Pedro Nunes,Coimbra,pt,Hugo Silveiro,https://www.meetup.com/datascienceportugal/events/265283610/,https://secure.meetupstatic.com/photos/event/4/0/8/6/highres_485356518.jpeg,2019-09-30T09:36:32-04:00,PAST
264691401,Meetup #61 - The art of recommending or suggesting.,2019-09-25T18:30:00+01:00,2019-09-25T20:30:00+01:00,PAST,PHYSICAL,False,31,0,PCI · Creative Science Park,Via do Conhecimento,Ílhavo,pt,Ricardo Marques,https://www.meetup.com/datascienceportugal/events/264691401/,https://secure.meetupstatic.com/photos/event/6/5/8/2/highres_484945986.jpeg,2019-09-09T10:18:42-04:00,PAST
261023281,"DSPT#60 - AI, Can you Recommend me a World of Pure Imagination (Porto)",2019-07-08T18:30:00+01:00,2019-07-08T21:00:00+01:00,PAST,PHYSICAL,False,49,64,Deloitte Digital,R. Manuel Bandeira 43,Porto,pt,Leonid Kholkin,https://www.meetup.com/datascienceportugal/events/261023281/,,2019-04-29T14:52:28-04:00,PAST
262713807,Debate Session: Challenges from research papers to real world applications,2019-07-06T14:00:00+01:00,2019-07-06T15:30:00+01:00,PAST,PHYSICAL,False,21,60,UPT - Universidade Portucalense,R. Dr. António Bernardino de Almeida 541,Porto,pt,Arian Rodrigo Pasquali,https://www.meetup.com/datascienceportugal/events/262713807/,,2019-06-28T15:54:51-04:00,PAST
261023254,DSPT#59 - May I recommend some Popcorns of knowledge? (Porto),2019-06-27T18:30:00+01:00,2019-06-27T20:30:00+01:00,PAST,PHYSICAL,False,78,130,Cinemas NOS,R. Sara Afonso,Sra. da Hora,pt,Leonid Kholkin,https://www.meetup.com/datascienceportugal/events/261023254/,,2019-04-29T14:51:25-04:00,PAST
261476827,DSPT#58 - Open the Black Box and protect it against Adversarial Attacks (Braga),2019-06-13T18:30:00+01:00,2019-06-13T21:00:00+01:00,PAST,PHYSICAL,False,24,50,Startup Braga,Praça Conde de Agrolongo 123,Braga,pt,João Pedro Brandão,https://www.meetup.com/datascienceportugal/events/261476827/,,2019-05-15T06:01:15-04:00,PAST
261783832,DSPT#57 - Handling missing data and selling the right thing (Coimbra),2019-06-12T18:30:00+01:00,2019-06-12T21:00:00+01:00,PAST,PHYSICAL,False,41,0,Talkdesk,"Instituto Pedro Nunes, Edificio D, Rua Pedro Nunes",Coimbra,pt,Hugo Silveiro,https://www.meetup.com/datascienceportugal/events/261783832/,https://secure.meetupstatic.com/photos/event/1/0/a/4/highres_481924260.jpeg,2019-05-26T12:58:15-04:00,PAST
261030588,DSPT#56 - How to forecast at scale and pull out the big GANs (Aveiro),2019-06-04T18:30:00+01:00,2019-06-04T21:00:00+01:00,PAST,PHYSICAL,False,30,45,Ubiwhere,Tv. do Sr. das Barrocas 38,Aveiro,pt,Rui Mendes,https://www.meetup.com/datascienceportugal/events/261030588/,https://secure.meetupstatic.com/photos/event/5/8/c/e/highres_481702734.jpeg,2019-04-29T19:06:37-04:00,PAST
261029846,DSPT#55 - Fair and equitable decision-making with AI (Lisboa),2019-05-29T18:30:00+01:00,2019-05-29T21:00:00+01:00,PAST,PHYSICAL,False,33,0,Feedzai - Lisbon Office,R. Camilo Castelo Branco 44,Lisboa,pt,Rui Mendes,https://www.meetup.com/datascienceportugal/events/261029846/,https://secure.meetupstatic.com/photos/event/d/e/f/b/highres_481377083.jpeg,2019-04-29T18:39:53-04:00,PAST
261325080,"DSPT#54 - Data Science, The Way of A Master (Porto)",2019-05-28T18:30:00+01:00,2019-05-28T20:30:00+01:00,PAST,PHYSICAL,False,40,89,UPTEC,R. Alfredo Allen n.º 455/461,Porto,pt,Leonid Kholkin,https://www.meetup.com/datascienceportugal/events/261325080/,,2019-05-09T13:30:40-04:00,PAST
261023054,DSPT#53 & DevOps Porto#27  - DataOps (Porto),2019-05-16T18:30:00+01:00,2019-05-16T21:00:00+01:00,PAST,PHYSICAL,False,41,70,Blip.pt,Av. de Camilo 94,Porto,pt,Leonid Kholkin,https://www.meetup.com/datascienceportugal/events/261023054/,https://secure.meetupstatic.com/photos/event/1/d/e/highres_481140478.jpeg,2019-04-29T14:41:04-04:00,PAST
260650573,DSPT#52 - Autoencoding a Research Team (Lisboa),2019-05-02T18:30:00+01:00,2019-05-02T21:00:00+01:00,PAST,PHYSICAL,False,44,100,Av. da Liberdade 225A,Av. da Liberdade 225A,Lisboa,pt,Miguel Vera-Bernal,https://www.meetup.com/datascienceportugal/events/260650573/,https://secure.meetupstatic.com/photos/event/a/0/0/c/highres_475480972.jpeg,2019-04-15T15:15:00-04:00,PAST
259620630,DSPT#51 - Genetic algorithms are music to my ears (Braga),2019-03-25T18:30:00Z,2019-03-25T21:00:00Z,PAST,PHYSICAL,False,22,0,Startup Braga,Praça Conde de Agrolongo 123,Braga,pt,João Pedro Brandão,https://www.meetup.com/datascienceportugal/events/259620630/,https://secure.meetupstatic.com/photos/event/4/6/e/1/highres_479478145.jpeg,2019-03-09T09:40:23-05:00,PAST
258757132,DSPT#50 - Mapping Your Consumer Behaviour in a Data Science World. (Porto),2019-03-07T18:30:00Z,2019-03-07T21:00:00Z,PAST,PHYSICAL,False,45,100,Blip.pt,Av. de Camilo 94,Porto,pt,Leonid Kholkin,https://www.meetup.com/datascienceportugal/events/258757132/,https://secure.meetupstatic.com/photos/event/8/d/7/1/highres_471336209.jpeg,2019-02-07T05:09:39-05:00,PAST
258685015,DSPT #49 - Is this FAKE?! Detecting human activity and keeping it real!(Aveiro),2019-02-27T18:30:00Z,2019-02-27T21:00:00Z,PAST,PHYSICAL,False,47,0,HOZEN Consulting,R. Carlos Aleluia 4,Aveiro,pt,Ricardo Marques,https://www.meetup.com/datascienceportugal/events/258685015/,,2019-02-04T17:18:08-05:00,PAST
258557280,DSPT#48 -Balance your data. Search your dress (Coimbra),2019-02-13T19:00:00Z,2019-02-13T21:00:00Z,PAST,PHYSICAL,False,42,0,DEI - Department of Informatics Engineering - FCTUC,R. Silvio Lima,Coimbra,pt,Rita Figueiredo,https://www.meetup.com/datascienceportugal/events/258557280/,https://secure.meetupstatic.com/photos/event/4/c/4/b/highres_478279531.jpeg,2019-01-31T07:11:40-05:00,PAST
256354346,"DSPT#47 - New Year, New Products in Data Science (Lisboa)",2019-01-08T19:00:00Z,2019-01-08T21:00:00Z,PAST,PHYSICAL,False,56,90,Feedzai - Lisbon Office,R. Camilo Castelo Branco 44,Lisboa,pt,António Leitão,https://www.meetup.com/datascienceportugal/events/256354346/,https://secure.meetupstatic.com/photos/event/a/0/0/c/highres_475480972.jpeg,2018-11-12T15:08:30-05:00,PAST
256541035, DSPT #46 - Machine Learning is a Double Edged Sword,2018-12-10T18:30:00Z,2018-12-10T21:00:00Z,PAST,PHYSICAL,False,72,110,Blip,"Av. de Camilo 94, 4300-095 Porto",Porto,pt,Joana Raquel Silva,https://www.meetup.com/datascienceportugal/events/256541035/,https://secure.meetupstatic.com/photos/event/8/d/7/1/highres_471336209.jpeg,2018-11-19T09:09:28-05:00,PAST
256714071,DSPT #45 - M.A. & A.M.A. - What?? (Braga),2018-12-04T18:30:00Z,2018-12-04T21:00:00Z,PAST,PHYSICAL,False,35,50,Startup Braga,"Edifício GNRATION Praça Conde Agrolongo, nº123",Braga,pt,João Pedro Brandão,https://www.meetup.com/datascienceportugal/events/256714071/,,2018-11-26T06:57:12-05:00,PAST
256369613,DSPT#44 - Look Up! Data is on you Fraudster….and the Sky! (Aveiro),2018-11-28T19:00:00Z,2018-11-28T21:00:00Z,PAST,PHYSICAL,False,36,70,Bosch Thermotechnology,"Estrada Nacional 16, Km 3.7, Cacia",Aveiro,pt,Eriksson Monteiro,https://www.meetup.com/datascienceportugal/events/256369613/,https://secure.meetupstatic.com/photos/event/1/5/6/e/highres_475265486.jpeg,2018-11-13T04:31:46-05:00,PAST
255563253,DSPT#43 - Data Science in the Wild: Facing Real Challenges (Lisboa),2018-11-08T18:30:00Z,2018-11-08T20:30:00Z,PAST,PHYSICAL,False,59,120,Novabase,"Av. D. João II, 34, Parque das Nações",Lisbon,pt,Ricardo Domingos Ferreira,https://www.meetup.com/datascienceportugal/events/255563253/,https://secure.meetupstatic.com/photos/event/a/0/0/c/highres_475480972.jpeg,2018-10-15T16:33:42-04:00,PAST
255563189,DSPT#42 - Predicting and Prescribing: Data Science (Lisboa),2018-10-29T18:30:00Z,2018-10-29T21:00:00Z,PAST,PHYSICAL,False,57,100,Fidelidade,"Rua Alexandre Herculano, 53",Lisboa,pt,Ricardo Domingos Ferreira,https://www.meetup.com/datascienceportugal/events/255563189/,https://secure.meetupstatic.com/photos/event/9/f/b/0/highres_475480880.jpeg,2018-10-15T16:30:38-04:00,PAST
255563962,DSPT#41 - Data Science with a Visual Beat (Porto),2018-10-23T18:30:00+01:00,2018-10-23T21:00:00+01:00,PAST,PHYSICAL,False,56,80,Universidade Portucalense,R. Dr. António Bernardino de Almeida 541,Porto,pt,Joana Raquel Silva,https://www.meetup.com/datascienceportugal/events/255563962/,https://secure.meetupstatic.com/photos/event/8/d/7/1/highres_471336209.jpeg,2018-10-15T17:03:45-04:00,PAST
254656046,DSPT #40 - Smart Data + Smart People = Smart Cities (Aveiro - Techdays),2018-10-12T18:30:00+01:00,2018-10-12T21:30:00+01:00,PAST,PHYSICAL,False,41,50,Aveiro Exhibition Park,"Av. Dom Manuel de Almeida Trindade, 3810-164",Aveiro,pt,Ricardo Marques,https://www.meetup.com/datascienceportugal/events/254656046/,https://secure.meetupstatic.com/photos/event/1/5/6/e/highres_475265486.jpeg,2018-09-13T12:44:35-04:00,PAST
254550968,DSPT#39-Statistics & AI in the Real World: We’re not in college anymore! (Braga),2018-10-11T18:30:00+01:00,2018-10-11T21:00:00+01:00,PAST,PHYSICAL,False,36,60,Altice Forum Braga,Av. Dr. Francisco Pires Gonçalves,Braga,pt,Joao Gamboias,https://www.meetup.com/datascienceportugal/events/254550968/,https://secure.meetupstatic.com/photos/event/3/3/d/e/highres_475033278.jpeg,2018-09-10T07:40:28-04:00,PAST
253768013,DSPT#38 - Behind the Science: Data and Software (Lisboa),2018-09-18T18:30:00+01:00,2018-09-18T21:00:00+01:00,PAST,PHYSICAL,False,39,85,OutSystems,"Rua Central Park 2, 2A, 2795-242 Linda-a-Velha",Lisboa,pt,Ricardo Domingos Ferreira,https://www.meetup.com/datascienceportugal/events/253768013/,https://secure.meetupstatic.com/photos/event/1/a/b/2/highres_474186834.jpeg,2018-08-13T18:46:20-04:00,PAST
253374137,DSPT#37 - Evolve or Die in the World of Fashion and Electronics,2018-09-11T18:30:00+01:00,2018-09-11T21:00:00+01:00,PAST,PHYSICAL,False,29,60,Departamento de Engenharia Informática,Universidade de Coimbra Pólo II - Pinhal de Marrocos,Coimbra,pt,Adriana Costa,https://www.meetup.com/datascienceportugal/events/253374137/,https://secure.meetupstatic.com/photos/event/e/7/e/7/highres_473399367.jpeg,2018-08-01T09:58:40-04:00,PAST
253647968,DSPT#36 (Porto) - Machine Learning in Retail and Fraud Detection,2018-09-04T18:30:00+01:00,2018-09-04T21:00:00+01:00,PAST,PHYSICAL,False,68,90,Feedzai Porto,"Rua Santos Pousada, 228, Piso 4 4000-278 Porto",Porto,pt,Joana Raquel Silva,https://www.meetup.com/datascienceportugal/events/253647968/,https://secure.meetupstatic.com/photos/event/8/d/7/1/highres_471336209.jpeg,2018-08-09T12:13:24-04:00,PAST
251189437,DSPT#35 - From Data Science to Data Life (Lisboa),2018-07-04T18:30:00+01:00,2018-07-04T21:00:00+01:00,PAST,PHYSICAL,False,54,80,Hood,"Edifício Altejo, Rua 3 da Matinha, Armazém 101, 1950-326 Lisboa",Lisboa,pt,Ricardo Domingos Ferreira,https://www.meetup.com/datascienceportugal/events/251189437/,https://secure.meetupstatic.com/photos/event/a/5/3/9/highres_471522297.jpeg,2018-05-28T18:22:23-04:00,PAST
251016775,"DSPT#34 - An AI a day, keeps the doctor and the spam away!",2018-06-12T18:30:00+01:00,2018-06-12T21:00:00+01:00,PAST,PHYSICAL,False,36,70,Reactor Innovation Hub,"Rua Lionesa, Leça do Balio",Porto,pt,Rui Mendes,https://www.meetup.com/datascienceportugal/events/251016775/,https://secure.meetupstatic.com/photos/event/8/d/7/1/highres_471336209.jpeg,2018-05-22T11:29:10-04:00,PAST
251016088,DSPT#33 - Data Science your Life - From Your House to Your Car,2018-06-06T18:00:00+01:00,2018-06-06T21:00:00+01:00,PAST,PHYSICAL,False,54,100,Bosch Thermotechnology,"Estrada Nacional 16, Km 3.7, Cacia",Aveiro,pt,Rui Mendes,https://www.meetup.com/datascienceportugal/events/251016088/,https://secure.meetupstatic.com/photos/event/8/c/2/3/highres_471335875.jpeg,2018-05-22T11:18:06-04:00,PAST
250906784,DSPT#32 - Data Viz - In and Out of Ourselves,2018-05-29T18:30:00+01:00,2018-05-29T21:00:00+01:00,PAST,PHYSICAL,False,45,62,Departamento de Engenharia Informática,Universidade de Coimbra Pólo II - Pinhal de Marrocos,Coimbra,pt,Adriana Costa,https://www.meetup.com/datascienceportugal/events/250906784/,https://secure.meetupstatic.com/photos/event/e/8/9/3/highres_471299539.jpeg,2018-05-18T07:14:01-04:00,PAST
249704889,DSPT#31 - Let's Talk about the Future with Data Science,2018-05-22T18:30:00+01:00,2018-05-22T21:00:00+01:00,PAST,PHYSICAL,False,42,100,Talkdesk,"Torre 3 15 andar, R. Tierno Galvan",Lisboa,pt,Rui Mendes,https://www.meetup.com/datascienceportugal/events/249704889/,https://secure.meetupstatic.com/photos/event/9/4/8/highres_470102376.jpeg,2018-04-12T09:59:48-04:00,PAST
250151489,DSPT#30 - Everyday life AI: from the Interview Room to the Operating Room,2018-05-14T18:45:00+01:00,2018-05-14T21:15:00+01:00,PAST,PHYSICAL,False,58,110,UPTEC - Polo Tecnológico,461 Rua Alfredo Allen,Porto,pt,Rui Mendes,https://www.meetup.com/datascienceportugal/events/250151489/,https://secure.meetupstatic.com/photos/event/e/5/7/2/highres_470518738.jpeg,2018-04-25T18:10:06-04:00,PAST
249460228,DSPT#29 - Entering the freeway in a self-driving car towards the AI fashion show,2018-04-26T18:30:00+01:00,2018-04-26T21:00:00+01:00,PAST,PHYSICAL,False,26,60,"PCI - Parque de Ciência e Inovação, S.A.",Via do Conhecimento,Ílhavo,pt,Rui Mendes,https://www.meetup.com/datascienceportugal/events/249460228/,https://secure.meetupstatic.com/photos/event/1/5/4/7/highres_470285447.jpeg,2018-04-05T10:50:01-04:00,PAST
249459894,DSPT #28: The Bias Report: in search of equity in algorithmic decision making,2018-04-24T18:30:00+01:00,2018-04-24T21:00:00+01:00,PAST,PHYSICAL,False,54,110,Natixis,"Rua de Santos Pousada 220, Porto",Porto,pt,Rui Mendes,https://www.meetup.com/datascienceportugal/events/249459894/,https://secure.meetupstatic.com/photos/event/5/4/9/c/highres_469881660.jpeg,2018-04-05T10:36:13-04:00,PAST
249458977,DSPT#27 - Minimize the Risk of Missing This Meetup - Automate!,2018-04-17T18:30:00+01:00,2018-04-17T21:00:00+01:00,PAST,PHYSICAL,False,37,65,WeDo Technologies,"Centro Empresarial de Braga, Lugar da Misericórdia - Ferreiros, Pavilhão C4 - 4705-319",Braga,pt,Rui Mendes,https://www.meetup.com/datascienceportugal/events/249458977/,https://secure.meetupstatic.com/photos/event/5/5/e/e/highres_469881998.jpeg,2018-04-05T09:59:33-04:00,PAST
249301603,DSPT#26 - Real Life Data Science: Not an Easy Challenge!,2018-04-10T18:30:00+01:00,2018-04-10T21:00:00+01:00,PAST,PHYSICAL,False,63,115,Microsoft's Office,"Rua do Fogo de Santelmo, Lote 2.07.02",Lisbon,pt,António Leitão,https://www.meetup.com/datascienceportugal/events/249301603/,https://secure.meetupstatic.com/photos/event/c/c/0/f/highres_469732239.jpeg,2018-03-31T16:16:48-04:00,PAST
248691717,DSPT#25 – From Human-Machine Interaction to Human-Machine Cooperation,2018-03-27T18:30:00+01:00,2018-03-27T20:30:00+01:00,PAST,PHYSICAL,False,53,85,ISEC - Instituto Superior de Engenharia de Coimbra,Rua Pedro Nunes - Quinta da Nora,Coimbra,pt,Anonymous_237650414,https://www.meetup.com/datascienceportugal/events/248691717/,,2018-03-13T04:46:48-04:00,PAST
248725995,DSPT#24- Let’s DREAM together solving challenges on cancer research and Big Data,2018-03-22T18:30:00Z,2018-03-22T21:00:00Z,PAST,PHYSICAL,False,53,70,Startup Braga,"Edifício GNRATION Praça Conde Agrolongo, nº123",Braga,pt,João Pedro Brandão,https://www.meetup.com/datascienceportugal/events/248725995/,,2018-03-14T04:18:04-04:00,PAST
248206465,DSPT#23 - Data Science and AI in production-critical environments,2018-03-08T18:30:00Z,2018-03-08T21:00:00Z,PAST,PHYSICAL,False,87,90,UPTEC - Polo Tecnológico,461 Rua Alfredo Allen,Porto,pt,Arian Rodrigo Pasquali,https://www.meetup.com/datascienceportugal/events/248206465/,,2018-02-26T18:02:49-05:00,PAST
247746272,"DSPT#22 - Welcome, smart people, to the smart city",2018-02-20T18:30:00Z,2018-02-20T21:00:00Z,PAST,PHYSICAL,False,60,70,IEUA - Incubadora de Empresas da Universidade de Aveiro,"Campus Universitário de Santiago, Edifício 1",3810-193 Aveiro,pt,Ricardo Marques,https://www.meetup.com/datascienceportugal/events/247746272/,https://secure.meetupstatic.com/photos/event/e/7/c/6/highres_468419334.jpeg,2018-02-12T14:36:02-05:00,PAST
246861945,DSPT#21 - Welcome to the Meetup of the Year... Deep Learning and Big Data,2018-01-24T18:30:00Z,2018-01-24T21:00:00Z,PAST,PHYSICAL,False,95,110,UPTEC - Polo Tecnológico,461 Rua Alfredo Allen,Porto,pt,Mário Cordeiro,https://www.meetup.com/datascienceportugal/events/246861945/,,2018-01-16T04:55:40-05:00,PAST
244995465,DSPT#20 - Going with the (Data) flow...,2017-12-13T18:30:00Z,2017-12-13T21:00:00Z,PAST,PHYSICAL,False,82,110,Farfetch,"Rua da Lionesa nº 446, Edifício G12, 4465-671 Leça do Balio",Porto,pt,Rui Mendes,https://www.meetup.com/datascienceportugal/events/244995465/,,2017-11-10T08:52:04-05:00,PAST
245388447,DSPT#19 - The Map that Leads to... Data Science!,2017-12-05T18:30:00Z,2017-12-05T21:15:00Z,PAST,PHYSICAL,False,39,60,Instituto Pedro Nunes,Rua Pedro Nunes - Bar Edificio C,Coimbra,pt,Rui Mendes,https://www.meetup.com/datascienceportugal/events/245388447/,,2017-11-25T12:19:33-05:00,PAST
244995385,DSPT#18 - The Big Data Championship,2017-11-22T18:30:00Z,2017-11-22T21:00:00Z,PAST,PHYSICAL,False,47,80,Altice LABS,"Rua Eng.º José Ferreira Pinto Basto, 3810",Aveiro,pt,Rui Mendes,https://www.meetup.com/datascienceportugal/events/244995385/,,2017-11-10T08:43:58-05:00,PAST
244508588,"DSPT#17 - I, For One, Welcome Our New Cyber Overlords!",2017-11-09T18:30:00Z,2017-11-09T21:00:00Z,PAST,PHYSICAL,False,48,90,Euronext,"Av. da Boavista, 3433",Porto,pt,Mário Cordeiro,https://www.meetup.com/datascienceportugal/events/244508588/,,2017-10-25T07:10:01-04:00,PAST
244275590,"DSPT#16 - Data Science Inception: breaking stuff, one window at a time",2017-11-07T18:30:00Z,2017-11-07T21:00:00Z,PAST,PHYSICAL,False,104,145,Microsoft's Office,"Rua do Fogo de Santelmo, Lote 2.07.02",Lisbon,pt,Rui Mendes,https://www.meetup.com/datascienceportugal/events/244275590/,,2017-10-17T06:37:52-04:00,PAST
243865840,DSPT#15 - Adapting to survive in a Post-Datalyptic World...,2017-10-18T18:30:00+01:00,2017-10-18T21:00:00+01:00,PAST,PHYSICAL,False,48,60,Subvisual,"Polo de Negócios de Braga, Avenida D. JOAO II 404, 4º andar, Sala 45, 4715-275",Braga,pt,João Pedro Brandão,https://www.meetup.com/datascienceportugal/events/243865840/,,2017-10-02T17:32:36-04:00,PAST
243329484,DSPT#14 - I Can Haz Data Science job?! KThxBye!,2017-10-03T18:30:00+01:00,2017-10-03T21:00:00+01:00,PAST,PHYSICAL,False,41,60,Instituto Pedro Nunes,Rua Pedro Nunes - Edificio B,Coimbra,pt,João António,https://www.meetup.com/datascienceportugal/events/243329484/,,2017-09-13T09:31:07-04:00,PAST
242835115,DSPT#13 - Data on the Move!,2017-09-13T18:30:00+01:00,2017-09-13T21:00:00+01:00,PAST,PHYSICAL,False,52,85,Veniam (conference room),Rua do Alferes Malheiro 97 4th floor,Porto,pt,Rui Mendes,https://www.meetup.com/datascienceportugal/events/242835115/,,2017-08-25T18:40:56-04:00,PAST
239676500,DSPT#12 - Thought you were going on vacations? Think again!,2017-06-16T18:30:00+01:00,2017-06-16T21:00:00+01:00,PAST,PHYSICAL,False,48,90,UPTEC - Polo Tecnológico,461 Rua Alfredo Allen,Porto,pt,Rui Mendes,https://www.meetup.com/datascienceportugal/events/239676500/,,2017-05-02T18:02:56-04:00,PAST
239676482,DSPT#11-Great balls of fire!Where?Where's it?Where's the needle in the haystack?,2017-05-24T18:30:00+01:00,2017-05-24T21:00:00+01:00,PAST,PHYSICAL,False,47,80,UPTEC - Polo Tecnológico,461 Rua Alfredo Allen,Porto,pt,Rui Mendes,https://www.meetup.com/datascienceportugal/events/239676482/,,2017-05-02T18:01:19-04:00,PAST
239676230,DSPT#10 - Big Bang Theory: Creating and compressing data with Machine Learning!,2017-05-10T18:30:00+01:00,2017-05-10T21:00:00+01:00,PAST,PHYSICAL,False,30,50,IEUA - Incubadora de Empresas da Universidade de Aveiro,"Campus Universitário de Santiago, Edifício 1",3810-193 Aveiro,pt,Rui Mendes,https://www.meetup.com/datascienceportugal/events/239676230/,,2017-05-02T17:45:49-04:00,PAST
238938206,"DSPT#9 - Perks of a Data Wizard:mastering the ""R"" cane & opening Pandora's box",2017-04-19T18:30:00+01:00,2017-04-19T21:15:00+01:00,PAST,PHYSICAL,False,63,90,Farfetch,"Rua da Lionesa nº 446, Edifício G12, 4465-671 Leça do Balio",Porto,pt,Rui Mendes,https://www.meetup.com/datascienceportugal/events/238938206/,,2017-04-03T17:54:31-04:00,PAST
238449997,"DSPT#8 - Detecting Outliers? Cracking Semantics?! Oh boy, you're in for a ride!",2017-04-05T18:30:00+01:00,2017-04-05T21:00:00+01:00,PAST,PHYSICAL,False,32,0,Startup Braga,"Edifício GNRATION Praça Conde Agrolongo, nº123",Braga,pt,Rui Mendes,https://www.meetup.com/datascienceportugal/events/238449997/,,2017-03-15T19:52:10-04:00,PAST
238056221,DSPT #7 - From Machine Learning safety reminders to Lambda Architecture,2017-03-22T18:30:00Z,2017-03-22T21:00:00Z,PAST,PHYSICAL,False,37,60,IEUA - Incubadora de Empresas da Universidade de Aveiro,"Campus Universitário de Santiago, Edifício 1",3810-193 Aveiro,pt,Maria Pedroto,https://www.meetup.com/datascienceportugal/events/238056221/,,2017-02-28T10:38:16-05:00,PAST
237041316,DSPT #6 - From Deep Learning to Data Science in the wild... wait... what??,2017-02-21T18:30:00Z,2017-02-21T21:00:00Z,PAST,PHYSICAL,False,66,80,UPTEC - Polo Tecnológico,461 Rua Alfredo Allen,Porto,pt,Rui Mendes,https://www.meetup.com/datascienceportugal/events/237041316/,,2017-01-19T06:28:36-05:00,PAST
236354487,DSPT #5 - Data Science at Scale in Telcos,2017-01-18T18:30:00Z,2017-01-18T21:00:00Z,PAST,PHYSICAL,False,23,45,IEUA - Incubadora de Empresas da Universidade de Aveiro,"Campus Universitário de Santiago, Edifício 1",3810-193 Aveiro,pt,Rui Mendes,https://www.meetup.com/datascienceportugal/events/236354487/,,2016-12-20T10:11:59-05:00,PAST
235862165,DSPT #4 - From Natural Language BI to Data Driven Solutions,2016-12-13T18:30:00Z,2016-12-13T21:00:00Z,PAST,PHYSICAL,False,39,0,UPTEC - Polo Tecnológico,461 Rua Alfredo Allen,Porto,pt,Rui Mendes,https://www.meetup.com/datascienceportugal/events/235862165/,,2016-11-27T12:55:08-05:00,PAST
235352580,DSPT #3 - Is Big Data just a buzzword?,2016-11-29T18:30:00Z,2016-11-29T21:00:00Z,PAST,PHYSICAL,False,27,0,IEUA - Incubadora de Empresas da Universidade de Aveiro,"Campus Universitário de Santiago, Edifício 1",3810-193 Aveiro,pt,Rui Mendes,https://www.meetup.com/datascienceportugal/events/235352580/,,2016-11-04T11:17:46-04:00,PAST
234798488,DSPT #2 - Data Science Portugal is coming to Porto,2016-11-03T18:30:00Z,2016-11-03T21:30:00Z,PAST,PHYSICAL,False,38,0,UPTEC - Polo Tecnológico,461 Rua Alfredo Allen,Porto,pt,Mário Cordeiro,https://www.meetup.com/datascienceportugal/events/234798488/,,2016-10-12T06:15:14-04:00,PAST
233888875,DSPT #1 - Kick-off and Python Data Science Environment Workshop,2016-09-20T19:00:00+01:00,2016-09-20T21:00:00+01:00,PAST,PHYSICAL,False,15,0,IEUA - Incubadora de Empresas da Universidade de Aveiro,"Campus Universitário de Santiago, Edifício 1",3810-193 Aveiro,pt,Rui Mendes,https://www.meetup.com/datascienceportugal/events/233888875/,,2016-09-05T11:25:41-04:00,PAST
